Link Name,Center of Mass X,Center of Mass Y,Center of Mass Z,Center of Mass Roll,Center of Mass Pitch,Center of Mass Yaw,Mass,Moment Ixx,Moment Ixy,Moment Ixz,Moment Iyy,Moment Iyz,Moment Izz,Visual X,Visual Y,Visual Z,Visual Roll,Visual Pitch,Visual Yaw,Mesh Filename,Color Red,Color Green,Color Blue,Color Alpha,Collision X,Collision Y,Collision Z,Collision Roll,Collision Pitch,Collision Yaw,Collision Mesh Filename,Material Name,SW Components,Coordinate System,Axis Name,Joint Name,Joint Type,Joint Origin X,Joint Origin Y,Joint Origin Z,Joint Origin Roll,Joint Origin Pitch,Joint Origin Yaw,Parent,Joint Axis X,Joint Axis Y,Joint Axis Z,Limit Effort,Limit Velocity,Limit Lower,Limit Upper,Calibration rising,Calibration falling,Dynamics Damping,Dynamics Friction,Safety Soft Upper,Safety Soft Lower,Safety K Position,Safety K Velocity
pelvis,-0.00451351844660614,3.49397882576374E-05,-0.0505832737783778,0,0,0,0.146094181145934,0.000527133338012684,-5.7182775803531E-10,1.0267652130134E-09,0.000280813720715968,-2.40714320930441E-09,0.000501696860364289,0,0,0,0,0,0,package://Humanoid_10102025/meshes/pelvis.STL,0.752941176470588,0.752941176470588,0.752941176470588,1,0,0,0,0,0,0,package://Humanoid_10102025/meshes/pelvis.STL,,pelvis_link-2,Co_Torso_1,,,,0,0,0,0,0,0,,0,0,0,,,,,,,,,,,,
left_hip_pitch_link,0.00353821511470359,0.0381145763511223,0.00248401780073414,0,0,0,0.0733845351080622,7.25731290937552E-05,1.52067785846671E-06,-1.21274784098264E-06,8.0109388767526E-05,7.22075469462909E-06,7.3890037800569E-05,0,0,0,0,0,0,package://Humanoid_10102025/meshes/left_hip_pitch_link.STL,0.752941176470588,0.752941176470588,0.752941176470588,1,0,0,0,0,0,0,package://Humanoid_10102025/meshes/left_hip_pitch_link.STL,,left_hip_pitch_link-2,Co_Leg_L_1,Axis_Leg_L_1,left_hip_pitch_joint,revolute,0,0.0755,-0.051,0,0,0,pelvis,0,1,0,25,20,-3.142,3.142,,,,,,,,
left_hip_roll_link,-0.0395100926223796,0.00807225851926097,-0.0622326065009896,0,0,0,0.0730084569713677,0.000148521477965441,3.84047121569046E-07,-1.6828258511077E-06,0.000188109536862281,1.4484832134519E-05,0.000138645629210528,0,0,0,0,0,0,package://Humanoid_10102025/meshes/left_hip_roll_link.STL,0.752941176470588,0.752941176470588,0.752941176470588,1,0,0,0,0,0,0,package://Humanoid_10102025/meshes/left_hip_roll_link.STL,,left_hip_roll_link-2,Co_Leg_L_2,Axis_Leg_L_2,left_hip_roll_joint,revolute,0.04125,0.057,-0.002,0,0,0,left_hip_pitch_link,-1,0,0,25,20,-3.142,3.142,,,,,,,,
left_hip_yaw_link,0.00323734601389108,0.000504388249888243,-0.0840183413295266,0,0,0,0.112301244772748,0.000427399069154762,4.18061151230187E-07,-2.81009932477372E-05,0.000382037328558326,2.59578679087588E-06,0.000250216704433018,0,0,0,0,0,0,package://Humanoid_10102025/meshes/left_hip_yaw_link.STL,0.752941176470588,0.752941176470588,0.752941176470588,1,0,0,0,0,0,0,package://Humanoid_10102025/meshes/left_hip_yaw_link.STL,,left_hip_yaw_link-2,Co_Leg_L_3,Axis_Leg_L_3,left_hip_yaw_joint,revolute,-0.04025,0.002,-0.117,0,0,0,left_hip_roll_link,0,0,-1,27,20,-3.142,3.142,,,,,,,,
left_knee_link,0.0169317039595682,-0.0422916371637707,-0.153232980640888,0,0,0,0.221219151146701,0.000440650525550483,1.65047903262176E-08,7.06940084591096E-06,0.000392717249620141,2.50382405873687E-06,0.000165668911779834,0,0,0,0,0,0,package://Humanoid_10102025/meshes/left_knee_link.STL,0.752941176470588,0.752941176470588,0.752941176470588,1,0,0,0,0,0,0,package://Humanoid_10102025/meshes/left_knee_link.STL,,left_knee_link-2,Co_Leg_L_4,Axis_Leg_L_4,left_knee_joint,revolute,-0.003,0.04225,-0.175,0,0,0,left_hip_yaw_link,0,-1,0,25,20,-3.142,3.142,,,,,,,,
left_ankle_pitch_link,8.76170518582242E-07,3.07806137772593E-07,-1.11022302462516E-16,0,0,0,0.0149918496318668,2.66043345029865E-06,1.94808730673056E-10,6.13481012606774E-23,1.69585008355649E-06,-7.54413111601179E-21,3.91920070470627E-06,0,0,0,0,0,0,package://Humanoid_10102025/meshes/left_ankle_pitch_link.STL,0.752941176470588,0.752941176470588,0.752941176470588,1,0,0,0,0,0,0,package://Humanoid_10102025/meshes/left_ankle_pitch_link.STL,,left_ankle_pitch_link-2,Co_Leg_L_5,Axis_Leg_L_5,left_ankle_pitch_joint,revolute,0.01,-0.04325,-0.316,0,0,0,left_knee_link,0,-1,0,12,20,-3.142,3.142,,,,,,,,
left_ankle_roll_link,-0.030905148813183,6.0004499535804E-08,-0.0325553402626875,0,0,0,0.157209995957821,8.63291977075519E-05,-2.22815555043752E-18,-3.62383729367479E-19,0.000272011953604552,2.09481515291549E-10,0.00033849891438192,0,0,0,0,0,0,package://Humanoid_10102025/meshes/left_ankle_roll_link.STL,0.752941176470588,0.752941176470588,0.752941176470588,1,0,0,0,0,0,0,package://Humanoid_10102025/meshes/left_ankle_roll_link.STL,,left_ankle_roll_link-2,Co_Leg_L_6,Axis_Leg_L_6,left_ankle_roll_joint,revolute,0.0415,0,-0.004,0,0,0,left_ankle_pitch_link,-1,0,0,12,20,-3.142,3.142,,,,,,,,
right_hip_pitch_link,0.00357229734091197,-0.0383654072817219,0.00249375906574863,0,0,0,0.0730392913697898,7.25707791038438E-05,-1.52194710684837E-06,-1.21496181242546E-06,8.01095767744373E-05,-7.21993059331388E-06,7.38888567078496E-05,0,0,0,0,0,0,package://Humanoid_10102025/meshes/right_hip_pitch_link.STL,0.752941176470588,0.752941176470588,0.752941176470588,1,0,0,0,0,0,0,package://Humanoid_10102025/meshes/right_hip_pitch_link.STL,,right_hip_pitch_link-1,Co_Leg_R_1,Axis_Leg_R_1,right_hip_pitch_joint,revolute,0,-0.0755,-0.051,0,0,0,pelvis,0,-1,0,25,20,-3.142,3.142,,,,,,,,
right_hip_roll_link,-0.0394509631038634,-0.00804930714926962,-0.0622201671911723,0,0,0,0.0732444796987601,0.000148523886565936,-3.84047219766343E-07,-1.68283834955775E-06,0.000188112977614458,-1.44851029596935E-05,0.000138647074833882,0,0,0,0,0,0,package://Humanoid_10102025/meshes/right_hip_roll_link.STL,0.752941176470588,0.752941176470588,0.752941176470588,1,0,0,0,0,0,0,package://Humanoid_10102025/meshes/right_hip_roll_link.STL,,right_hip_roll_link-1,Co_Leg_R_2,Axis_Leg_R_2,right_hip_roll_joint,revolute,0.04125,-0.057,-0.002,0,0,0,right_hip_pitch_link,-1,0,0,25,20,-3.142,3.142,,,,,,,,
right_hip_yaw_link,0.00322433684713663,-0.000512973055045482,-0.0840324879873449,0,0,0,0.112410303427497,0.000427399943151867,-4.18067287453026E-07,-2.81007430573327E-05,0.000382037809368935,-2.59567176100242E-06,0.000250217406801108,0,0,0,0,0,0,package://Humanoid_10102025/meshes/right_hip_yaw_link.STL,0.752941176470588,0.752941176470588,0.752941176470588,1,0,0,0,0,0,0,package://Humanoid_10102025/meshes/right_hip_yaw_link.STL,,right_hip_yaw_link-1,Co_Leg_R_3,Axis_Leg_R_3,right_hip_yaw_joint,revolute,-0.04025,-0.002,-0.117,0,0,0,right_hip_roll_link,0,0,-1,27,20,-3.142,3.142,,,,,,,,
right_knee_link,0.0169209177616524,0.0414904453302672,-0.153156384712328,0,0,0,0.221358503475728,0.000440653353164626,1.6504837479752E-08,7.06949928147746E-06,0.000392719467704142,-2.50372156188643E-06,0.000165669208900913,0,0,0,0,0,0,package://Humanoid_10102025/meshes/right_knee_link.STL,0.752941176470588,0.752941176470588,0.752941176470588,1,0,0,0,0,0,0,package://Humanoid_10102025/meshes/right_knee_link.STL,,right_knee_link-1,Co_Leg_R_4,Axis_Leg_R_4,right_knee_joint,revolute,-0.003,-0.04225,-0.175,0,0,0,right_hip_yaw_link,0,1,0,25,20,-3.142,3.142,,,,,,,,
right_ankle_pitch_link,8.76170518582242E-07,3.07806137772593E-07,0,0,0,0,0.0149918496318668,2.66043345029864E-06,1.94808730661798E-10,3.23148681676884E-23,1.69585008355649E-06,6.38717304435565E-23,3.91920070470627E-06,0,0,0,0,0,0,package://Humanoid_10102025/meshes/right_ankle_pitch_link.STL,0.752941176470588,0.752941176470588,0.752941176470588,1,0,0,0,0,0,0,package://Humanoid_10102025/meshes/right_ankle_pitch_link.STL,,right_ankle_pitch_link-1,Co_Leg_R_5,Axis_Leg_R_5,right_ankle_pitch_joint,revolute,0.01,0.04325,-0.316,0,0,0,right_knee_link,0,-1,0,12,20,-3.142,3.142,,,,,,,,
right_ankle_roll_link,-0.0309051488131832,6.00044999243821E-08,-0.0325553402626872,0,0,0,0.157209995957819,8.63291977075504E-05,-2.3273667213279E-20,-2.06210460794342E-22,0.000272011953604547,2.09481515292966E-10,0.000338498914381913,0,0,0,0,0,0,package://Humanoid_10102025/meshes/right_ankle_roll_link.STL,0.752941176470588,0.752941176470588,0.752941176470588,1,0,0,0,0,0,0,package://Humanoid_10102025/meshes/right_ankle_roll_link.STL,,right_ankle_roll_link-1,Co_Leg_R_6,Axis_Leg_R_6,right_ankle_roll_joint,revolute,0.0415,0,-0.004,0,0,0,right_ankle_pitch_link,-1,0,0,12,20,-3.142,3.142,,,,,,,,
pelvis_link,0.00254551049418716,0.00134867099777591,0.209375227416176,0,0,0,3.3999874615714,0.0159162155311297,-5.9667264577849E-06,2.30270403644094E-06,0.00894368763569355,1.10096962045313E-07,0.0123067468791842,0,0,0,0,0,0,package://Humanoid_10102025/meshes/pelvis_link.STL,0.752941176470588,0.752941176470588,0.752941176470588,1,0,0,0,0,0,0,package://Humanoid_10102025/meshes/pelvis_link.STL,,torso_link-2,Co_Torso_1,Axis_Torso_1,pelvis_joint,revolute,0,0,0,0,0,0,pelvis,0,0,1,27,20,-3.142,3.142,,,,,,,,
left_shoulder_pitch_link,0.00503384463993639,0.0389007853173799,0.00255884696627534,0,0,0,0.0694693505421284,5.51244218913985E-05,1.18949304740163E-06,-5.98764261614545E-07,7.00851948531681E-05,5.51249329932914E-06,7.02210201448929E-05,0,0,0,0,0,0,package://Humanoid_10102025/meshes/left_shoulder_pitch_link.STL,0.752941176470588,0.752941176470588,0.752941176470588,1,0,0,0,0,0,0,package://Humanoid_10102025/meshes/left_shoulder_pitch_link.STL,,left_shoulder_pitch_link-1,Co_Arm_L_1,Axis_Arm_L_1,left_shoulder_pitch_joint,revolute,0,0.113,0.349,0,0,0,pelvis_link,0,-1,0,27,20,-3.142,3.142,,,,,,,,
left_shoulder_roll_link,-0.0412972281056511,0.00532625054773458,-0.0437856783747785,0,0,0,0.0483184985373052,5.7121931158524E-05,3.59631247645162E-07,-1.13042861927349E-06,9.5605420488177E-05,7.21518740054115E-06,8.76242611187484E-05,0,0,0,0,0,0,package://Humanoid_10102025/meshes/left_shoulder_roll_link.STL,0.752941176470588,0.752941176470588,0.752941176470588,1,0,0,0,0,0,0,package://Humanoid_10102025/meshes/left_shoulder_roll_link.STL,,left_shoulder_roll_link-1,Co_Arm_L_2,Axis_Arm_L_2,left_shoulder_roll_joint,revolute,0.04375,0.064,-0.002,0,0,0,left_shoulder_pitch_link,-1,0,0,27,20,-3.142,3.142,,,,,,,,
left_shoulder_yaw_link,0.00283819452779566,0.00389326777817192,-0.074619719127659,0,0,0,0.06821942492784,0.000104775344197964,-3.53470996063134E-07,-8.79600695961424E-06,8.95582424884644E-05,-2.08806599336195E-06,6.64936977353145E-05,0,0,0,0,0,0,package://Humanoid_10102025/meshes/left_shoulder_yaw_link.STL,0.752941176470588,0.752941176470588,0.752941176470588,1,0,0,0,0,0,0,package://Humanoid_10102025/meshes/left_shoulder_yaw_link.STL,,left_shoulder_yaw_link-1,Co_Arm_L_3,Axis_Arm_L_3,left_shoulder_yaw_joint,revolute,-0.0425,0,-0.077,0,0,0,left_shoulder_roll_link,0,0,-1,12,20,-3.142,3.142,,,,,,,,
left_elbow_link,0.0655324886051128,-0.0403477902539543,0.00354556531854525,0,0,0,0.0549750172063308,8.07277598661362E-05,-5.51358233715675E-07,-8.38857240211288E-06,7.4521370176669E-05,-9.52794235550825E-08,0.000107483667163339,0,0,0,0,0,0,package://Humanoid_10102025/meshes/left_elbow_link.STL,0.752941176470588,0.752941176470588,0.752941176470588,1,0,0,0,0,0,0,package://Humanoid_10102025/meshes/left_elbow_link.STL,,left_elbow_link-1,Co_Arm_L_4,Axis_Arm_L_4,left_elbow_joint,revolute,0,0.0423,-0.1263,0,0,0,left_shoulder_yaw_link,0,-1,0,12,20,-3.142,3.142,,,,,,,,
right_shoulder_pitch_link,0.00503314920934383,-0.0389004701994555,0.00257859266612853,0,0,0,0.0694693505421281,5.51244225985055E-05,-1.19057911410478E-06,-6.00738376378551E-07,7.00855512345131E-05,-5.51287537862412E-06,7.02213728252569E-05,0,0,0,0,0,0,package://Humanoid_10102025/meshes/right_shoulder_pitch_link.STL,0.752941176470588,0.752941176470588,0.752941176470588,1,0,0,0,0,0,0,package://Humanoid_10102025/meshes/right_shoulder_pitch_link.STL,,right_shoulder_pitch_link-1,Co_Arm_R_1,Axis_Arm_R_1,right_shoulder_pitch_joint,revolute,0,-0.113,0.349,0,0,0,pelvis_link,0,1,0,27,20,-3.142,3.142,,,,,,,,
right_shoulder_roll_link,-0.0412972278377094,-0.00532625054773159,-0.0437856783748384,0,0,0,0.0483184985373054,5.71219311463573E-05,-3.59631391684897E-07,-1.13035977701275E-06,9.56052240276229E-05,-7.21502086532585E-06,8.76244575089435E-05,0,0,0,0,0,0,package://Humanoid_10102025/meshes/right_shoulder_roll_link.STL,0.752941176470588,0.752941176470588,0.752941176470588,1,0,0,0,0,0,0,package://Humanoid_10102025/meshes/right_shoulder_roll_link.STL,,right_shoulder_roll_link-1,Co_Arm_R_2,Axis_Arm_R_2,right_shoulder_roll_joint,revolute,0.04375,-0.064,-0.002,0,0,0,right_shoulder_pitch_link,-1,0,0,27,20,-3.142,3.142,,,,,,,,
right_shoulder_yaw_link,0.00285614603632967,-0.00393003118681337,-0.0745169392328727,0,0,0,0.0681363868613178,0.000104774741918426,3.53456368827161E-07,-8.796362924884E-06,8.95580791099866E-05,2.08805767566662E-06,6.64927683327074E-05,0,0,0,0,0,0,package://Humanoid_10102025/meshes/right_shoulder_yaw_link.STL,0.752941176470588,0.752941176470588,0.752941176470588,1,0,0,0,0,0,0,package://Humanoid_10102025/meshes/right_shoulder_yaw_link.STL,,right_shoulder_yaw_link-1,Co_Arm_R_3,Axis_Arm_R_3,right_shoulder_yaw_joint,revolute,-0.0425,0,-0.077,0,0,0,right_shoulder_roll_link,0,0,-1,12,20,-3.142,3.142,,,,,,,,
right_elbow_link,0.06553248860505,0.0403432220942962,0.00354556531820026,0,0,0,0.0549750172063304,8.07278364286478E-05,5.51304933426879E-07,-8.38872087570692E-06,7.45213660959713E-05,9.5268340635636E-08,0.000107483594674621,0,0,0,0,0,0,package://Humanoid_10102025/meshes/right_elbow_link.STL,0.752941176470588,0.752941176470588,0.752941176470588,1,0,0,0,0,0,0,package://Humanoid_10102025/meshes/right_elbow_link.STL,,right_elbow_link-1,Co_Arm_R_4,Axis_Arm_R_4,right_elbow_joint,revolute,0,-0.0423,-0.1263,0,0,0,right_shoulder_yaw_link,0,1,0,12,20,-3.142,3.142,,,,,,,,
